{
    "name": "Munshiganj",
    "stats": {
        "area": 955000,
        "population": 1503000
    },
    "border": [
        [90.1811939,23.5270398],[90.1877233,23.506955],[90.1945343,23.5054493],[90.1978683,23.503912],[90.1991348,23.5024014],[90.1999512,23.4977398],[90.2013702,23.4945068],[90.2046127,23.4923382],[90.2055817,23.4910622],[90.2043991,23.488493],[90.2034073,23.4860382],[90.2033844,23.4827652],[90.2051239,23.474987],[90.2065582,23.4724998],[90.2081833,23.4725952],[90.2138824,23.474184],[90.2160568,23.4739265],[90.2188797,23.4697552],[90.2217178,23.468626],[90.2237091,23.4687157],[90.2286606,23.4699707],[90.2313309,23.4697056],[90.2334595,23.4677258],[90.2384109,23.4588165],[90.2416916,23.4580269],[90.2418671,23.4600906],[90.2429123,23.4623756],[90.2449265,23.4630375],[90.2470932,23.4649048],[90.2483444,23.4678154],[90.2512741,23.4679489],[90.2538834,23.4676266],[90.2630157,23.4634991],[90.2774582,23.4518833],[90.2841873,23.4488068],[90.2886047,23.4473877],[90.2942734,23.4483395],[90.2986069,23.4504642],[90.3016357,23.4524498],[90.3048782,23.4528866],[90.3079224,23.4511566],[90.3122101,23.447052],[90.3165283,23.4422035],[90.3202515,23.4402275],[90.3273621,23.4372559],[90.3338242,23.4357853],[90.3411789,23.4352074],[90.3480377,23.4346409],[90.3549423,23.4335022],[90.3600388,23.431778],[90.3647461,23.4296055],[90.3724365,23.4256439],[90.3795776,23.4216976],[90.3854904,23.4184074],[90.3907928,23.415535],[90.3964462,23.4139099],[90.4033127,23.4133987],[90.4054005,23.4135761],[90.4089661,23.4139442],[90.4161377,23.4156532],[90.4198303,23.4171066],[90.4238206,23.4193814],[90.4338684,23.420475],[90.4440384,23.4206791],[90.4533463,23.4193039],[90.4614639,23.4171562],[90.4688416,23.4153137],[90.4752808,23.4130363],[90.4814682,23.4107075],[90.4868164,23.4094296],[90.4937973,23.4086246],[90.500473,23.4062271],[90.5009003,23.3997002],[90.5018005,23.3966465],[90.5080948,23.3876247],[90.5091171,23.3864574],[90.5140457,23.3854752],[90.5179749,23.384346],[90.521553,23.381855],[90.5268555,23.3791466],[90.5316391,23.377594],[90.5367889,23.3777485],[90.5404824,23.3776908],[90.5393437,23.3842823],[90.5418007,23.3904701],[90.5446415,23.3993766],[90.5475437,23.4044489],[90.5557636,23.4169965],[90.562725,23.4268028],[90.5646027,23.4306609],[90.5695915,23.4376713],[90.5763582,23.4494552],[90.5838166,23.4727959],[90.585519,23.47686],[90.587272,23.481002],[90.59002,23.484311],[90.59314,23.48685],[90.596452,23.48814],[90.601129,23.48963],[90.605919,23.49048],[90.609322,23.49069],[90.612426,23.490271],[90.6168418,23.4919346],[90.6253877,23.4950719],[90.627532,23.4970645],[90.631728,23.498781],[90.6354689,23.5054405],[90.6384323,23.5064857],[90.641994,23.5092328],[90.6451057,23.5143672],[90.6484499,23.5215504],[90.6511613,23.5243307],[90.6549176,23.5264975],[90.6589056,23.5268245],[90.6644229,23.5266032],[90.6689535,23.5244253],[90.6751049,23.518099],[90.6829119,23.5132915],[90.688749,23.5101423],[90.6945272,23.5092271],[90.6985983,23.5128112],[90.7006648,23.5171329],[90.7012985,23.5206296],[90.7018933,23.5242979],[90.700478,23.52681],[90.698357,23.53109],[90.696426,23.533759],[90.69326,23.538579],[90.691063,23.542231],[90.6903,23.546189],[90.690329,23.5491],[90.689101,23.55206],[90.68769,23.55488],[90.685402,23.55779],[90.682571,23.559511],[90.67949,23.56176],[90.676169,23.56527],[90.67221,23.566909],[90.664078,23.56966],[90.65883,23.570029],[90.656083,23.56662],[90.652733,23.567771],[90.649772,23.568931],[90.646347,23.573981],[90.650727,23.575941],[90.650832,23.578781],[90.650818,23.582501],[90.65284,23.585299],[90.654976,23.587708],[90.657211,23.588679],[90.660309,23.587522],[90.664384,23.5872],[90.666237,23.58715],[90.668648,23.58749],[90.668739,23.5904],[90.667716,23.593851],[90.666091,23.598181],[90.66375,23.601319],[90.6610193,23.6034431],[90.6583215,23.6069344],[90.657954,23.609288],[90.6572926,23.6135233],[90.6562464,23.6173945],[90.6540303,23.619091],[90.6504143,23.619475],[90.6453401,23.6193659],[90.6396639,23.6187333],[90.6304979,23.6191465],[90.6297856,23.6190867],[90.6277486,23.6165157],[90.623606,23.6130805],[90.6171286,23.6081041],[90.6127037,23.6054167],[90.6060432,23.6047336],[90.5990777,23.6042853],[90.5919975,23.6061257],[90.5859016,23.6055421],[90.5783181,23.603049],[90.5724358,23.6015439],[90.5677742,23.5990911],[90.5652566,23.5938383],[90.5644023,23.5901456],[90.5636698,23.5863899],[90.5650511,23.5768073],[90.566928,23.5711541],[90.5713531,23.5656094],[90.5749925,23.560885],[90.5796541,23.5552756],[90.5810732,23.5528952],[90.5830951,23.5478694],[90.5799213,23.5436045],[90.5720707,23.5423208],[90.5666615,23.5438904],[90.5647465,23.5482276],[90.5615114,23.5541995],[90.5579713,23.5599501],[90.5550339,23.5633414],[90.550624,23.5672857],[90.545692,23.5712893],[90.539847,23.574501],[90.5310778,23.5775019],[90.5243265,23.5781347],[90.5212582,23.5797462],[90.5212068,23.5797732],[90.5198633,23.5804788],[90.5116388,23.5792581],[90.50552,23.5777551],[90.4991037,23.5768872],[90.493931,23.5759889],[90.4913523,23.5750257],[90.4910929,23.570345],[90.4868967,23.5670186],[90.4826166,23.5668412],[90.4790537,23.5681306],[90.4746057,23.5624124],[90.4696924,23.5576745],[90.4668161,23.5550023],[90.4590494,23.552168],[90.4536478,23.5457841],[90.4504282,23.5458661],[90.4434473,23.5488988],[90.441334,23.5531236],[90.4422953,23.5581876],[90.440098,23.5593282],[90.4365885,23.5646192],[90.4345819,23.5701581],[90.4336664,23.5749246],[90.4341013,23.5792028],[90.4338877,23.5888693],[90.4342081,23.5936625],[90.4339029,23.6001322],[90.4329721,23.6043856],[90.4317896,23.6084177],[90.4322106,23.61403],[90.4305346,23.6171931],[90.4268653,23.6217739],[90.4232819,23.6257254],[90.4200847,23.6286743],[90.4161794,23.6319965],[90.4140336,23.6339623],[90.411566,23.6360461],[90.4090125,23.6379922],[90.4061587,23.641039],[90.40397,23.6424346],[90.4017384,23.6442037],[90.4004938,23.64499],[90.399142,23.646818],[90.3980906,23.6490981],[90.3970177,23.6507884],[90.3956444,23.6524198],[90.393842,23.653265],[90.3892071,23.6539136],[90.38292,23.6543853],[90.3793151,23.6543853],[90.3775556,23.654287],[90.3734357,23.6555843],[90.3716762,23.6558201],[90.3700669,23.6552894],[90.3687365,23.6543853],[90.3653462,23.6489015],[90.3632862,23.6464445],[90.3609903,23.6444199],[90.3585226,23.6427884],[90.3560121,23.6413339],[90.3536517,23.6406065],[90.3513129,23.6404886],[90.3486306,23.6409211],[90.3439529,23.6425329],[90.3411419,23.6427491],[90.3385868,23.6433924],[90.335005,23.6454814],[90.3315718,23.6485477],[90.3242118,23.6546408],[90.3206069,23.657137],[90.3177101,23.6589648],[90.3141696,23.661736],[90.3107793,23.6636228],[90.3062947,23.6670621],[90.3030546,23.6692828],[90.2988059,23.6714446],[90.2953512,23.6738422],[90.2920682,23.6754536],[90.2904649,23.6755769],[90.2875252,23.6729435],[90.286345,23.670939],[90.2850361,23.6690524],[90.2831907,23.6676963],[90.2820749,23.6676374],[90.281045,23.668227],[90.2799077,23.6677749],[90.2785559,23.6665958],[90.2776761,23.6651021],[90.2757878,23.6641391],[90.274951,23.6629992],[90.275938,23.6626061],[90.276732,23.6620755],[90.276217,23.6601887],[90.2757878,23.6568082],[90.2755089,23.6555503],[90.2740068,23.6548427],[90.2724619,23.6560417],[90.2708311,23.6570047],[90.2696295,23.6573978],[90.2678699,23.6586557],[90.2639432,23.6595794],[90.2618618,23.6591667],[90.2601881,23.6580857],[90.2590723,23.6567492],[90.2577205,23.6567689],[90.2563472,23.657614],[90.254931,23.6581447],[90.2535577,23.6579285],[90.2525492,23.6574371],[90.2525492,23.6554324],[90.2519269,23.6527986],[90.2523131,23.6511672],[90.25315,23.6498896],[90.2528925,23.6485531],[90.2533646,23.6452902],[90.2538152,23.6438356],[90.254416,23.6422827],[90.2541799,23.6406512],[90.2538366,23.6392359],[90.2537937,23.6381351],[90.2543945,23.6374668],[90.2533431,23.6362087],[90.2524204,23.6349113],[90.252399,23.6331814],[90.2515836,23.631648],[90.2501888,23.6325523],[90.2496309,23.6336138],[90.2490516,23.6351078],[90.2481933,23.6360907],[90.2470345,23.6368377],[90.2453179,23.6368377],[90.2442665,23.6355796],