{
    "name": "Narayanganj",
    "stats": {
        "area":	700000,
        "population": 3074000
    },
    "border": [
        [90.4317896,23.6084177],[90.4329721,23.6043856],[90.4339029,23.6001322],[90.4342081,23.5936625],[90.4338877,23.5888693],[90.4341013,23.5792028],[90.4336664,23.5749246],[90.4345819,23.5701581],[90.4365885,23.5646192],[90.440098,23.5593282],[90.4422953,23.5581876],[90.441334,23.5531236],[90.4434473,23.5488988],[90.4504282,23.5458661],[90.4536478,23.5457841],[90.4590494,23.552168],[90.4668161,23.5550023],[90.4696924,23.5576745],[90.4746057,23.5624124],[90.4790537,23.5681306],[90.4826166,23.5668412],[90.4868967,23.5670186],[90.4910929,23.570345],[90.4913523,23.5750257],[90.493931,23.5759889],[90.4991037,23.5768872],[90.50552,23.5777551],[90.5116388,23.5792581],[90.5198633,23.5804788],[90.5212068,23.5797732],[90.5212582,23.5797462],[90.5243265,23.5781347],[90.5310778,23.5775019],[90.539847,23.574501],[90.545692,23.5712893],[90.550624,23.5672857],[90.5550339,23.5633414],[90.5579713,23.5599501],[90.5615114,23.5541995],[90.5647465,23.5482276],[90.5666615,23.5438904],[90.5720707,23.5423208],[90.5799213,23.5436045],[90.5830951,23.5478694],[90.5810732,23.5528952],[90.5796541,23.5552756],[90.5749925,23.560885],[90.5713531,23.5656094],[90.566928,23.5711541],[90.5650511,23.5768073],[90.5636698,23.5863899],[90.5644023,23.5901456],[90.5652566,23.5938383],[90.5677742,23.5990911],[90.5724358,23.6015439],[90.5783181,23.603049],[90.5859016,23.6055421],[90.5919975,23.6061257],[90.5990777,23.6042853],[90.6060432,23.6047336],[90.6127037,23.6054167],[90.6171286,23.6081041],[90.623606,23.6130805],[90.6277486,23.6165157],[90.6297856,23.6190867],[90.6304979,23.6191465],[90.6318132,23.6207144],[90.6337385,23.6230451],[90.633081,23.6355748],[90.6327085,23.6455337],[90.6363225,23.6516164],[90.6368803,23.6521163],[90.6418918,23.6566075],[90.6514146,23.6611576],[90.6534955,23.6626018],[90.6539034,23.6628849],[90.6578676,23.6649213],[90.6609805,23.6668117],[90.6627801,23.667212],[90.6713323,23.6721061],[90.6791968,23.6782584],[90.685358,23.6761278],[90.6929111,23.6688172],[90.69952,23.6657514],[90.7121371,23.6635502],[90.7233392,23.6613844],[90.7286166,23.661349],[90.7333373,23.663393],[90.7400965,23.6808048],[90.742929,23.6910032],[90.7436218,23.6954536],[90.7422028,23.6996651],[90.7374496,23.7044258],[90.7339172,23.7087517],[90.7294083,23.7151642],[90.7268699,23.7186644],[90.7243347,23.7237034],[90.7232361,23.7283649],[90.723053,23.7342587],[90.7226791,23.7402172],[90.721702,23.7407483],[90.7211336,23.7411558],[90.7313269,23.7672927],[90.7341369,23.7746608],[90.7362693,23.7812773],[90.7401746,23.7923318],[90.740267,23.793881],[90.7350082,23.7956944],[90.731636,23.7973862],[90.7299652,23.8013763],[90.7271957,23.8022518],[90.7255173,23.8042965],[90.719696,23.8049679],[90.7164536,23.808485],[90.7169952,23.8118458],[90.7151184,23.8154984],[90.7114716,23.8178825],[90.7066803,23.8197823],[90.7038727,23.8214588],[90.7010422,23.8242226],[90.6973801,23.828495],[90.6935272,23.8285961],[90.6899261,23.8286915],[90.687088,23.8294544],[90.685173,23.8318481],[90.6832352,23.8333874],[90.681488,23.8330898],[90.6822586,23.8319817],[90.6825409,23.8290596],[90.6833344,23.82658],[90.6849365,23.8243637],[90.6875153,23.8210945],[90.6887589,23.8172874],[90.6898041,23.8148575],[90.6900482,23.8127918],[90.6908112,23.8093414],[90.6905594,23.8054028],[90.6899948,23.799242],[90.6881943,23.7973461],[90.6824265,23.7975559],[90.6814346,23.7996979],[90.6807404,23.8032608],[90.6780167,23.8036194],[90.6744537,23.8029709],[90.6673508,23.8005848],[90.6677399,23.8028622],[90.6661987,23.8075352],[90.6613846,23.8065758],[90.6582642,23.8059711],[90.6543655,23.8045883],[90.6512833,23.8053551],[90.6487503,23.8099957],[90.6475983,23.8167725],[90.6455688,23.8196278],[90.6439362,23.821043],[90.6418152,23.824873],[90.6398392,23.8272686],[90.6391678,23.8316898],[90.6412888,23.8358097],[90.6446075,23.8406391],[90.647049,23.8433189],[90.6534271,23.8445244],[90.6603241,23.8443432],[90.6640472,23.8459587],[90.6648407,23.8494854],[90.664978,23.8519402],[90.6606522,23.8527966],[90.6572418,23.8531151],[90.6528015,23.8542042],[90.6516647,23.8577232],[90.654068,23.86092],[90.6562119,23.8659515],[90.6551056,23.8683262],[90.6527176,23.8696461],[90.649704,23.8705254],[90.6507339,23.875761],[90.6474304,23.8775043],[90.6452942,23.8768749],[90.6416473,23.8754826],[90.6372833,23.8750267],[90.6337204,23.8744907],[90.6327057,23.8719425],[90.6308594,23.870676],[90.6274109,23.8675079],[90.625946,23.8645153],[90.6246262,23.8619194],[90.6225281,23.8586006],[90.6233215,23.854063],[90.6237946,23.851305],[90.6241608,23.8488941],[90.622551,23.8449898],[90.6176605,23.8418598],[90.6143951,23.8387985],[90.6089604,23.8396213],[90.6050186,23.8451042],[90.602066,23.8482094],[90.5998688,23.851469],[90.5975571,23.8552456],[90.5965881,23.8581886],[90.5966873,23.8613873],[90.6007843,23.8629971],[90.6040192,23.8630276],[90.6070862,23.8640347],[90.610054,23.8653297],[90.6115341,23.8690662],[90.611969,23.872942],[90.6132431,23.8760548],[90.6151733,23.8842373],[90.6132889,23.8875465],[90.6127014,23.8907642],[90.6089935,23.8914318],[90.6084137,23.8949356],[90.6060791,23.8959694],[90.6036758,23.8945446],[90.6025848,23.8894253],[90.6006165,23.8880463],[90.5986786,23.88764],[90.595253,23.8877277],[90.5909348,23.890871],[90.5917282,23.8964539],[90.588089,23.8973484],[90.5855942,23.8971272],[90.5795746,23.8977966],[90.5743027,23.8941021],[90.5707932,23.895277],[90.5667648,23.8977261],[90.5692596,23.9041805],[90.5675507,23.9050846],[90.5652237,23.9083462],[90.5657578,23.9116478],[90.5605701,23.9169846],[90.5529861,23.9253006],[90.5485458,23.9267273],[90.544838,23.9295673],[90.5439453,23.9329643],[90.5420837,23.9371853],[90.5390396,23.9396076],[90.5361099,23.9414558],[90.5334702,23.9425526],[90.5298462,23.9440746],[90.5262756,23.9453068],[90.5243683,23.9482155],[90.5253754,23.9507637],[90.5247879,23.9539242],[90.5236359,23.9568119],[90.5206909,23.9583168],[90.5168686,23.9574986],[90.5150299,23.9562874],[90.5142975,23.9504719],[90.5150757,23.945364],[90.5155487,23.9423771],[90.5152283,23.9379826],[90.5114288,23.937851],[90.5078125,23.9397717],[90.5039673,23.9400387],[90.4983063,23.9400692],[90.4926758,23.9389534],[90.4915695,23.9352627],[90.4905396,23.9320297],[90.4905701,23.9289989],[90.491127,23.9268112],[90.4918823,23.9249611],[90.4925079,23.9208298],[90.4906464,23.9169884],[90.4879379,23.9135685],[90.4849243,23.9106693],[90.4843216,23.9050808],[90.4833298,23.9010468],[90.4798279,23.8983879],[90.474762,23.8970871],[90.4689941,23.8893394],[90.4654541,23.8873692],[90.4609672,23.8850165],[90.461488,23.879549],[90.4623112,23.8774572],[90.4688164,23.8724864],[90.4684945,23.8721694],[90.4669869,23.871482],[90.4657015,23.8709019],[90.4634522,23.8698714],[90.464667,23.8674331],[90.4653951,23.8661365],[90.4679384,23.8614931],[90.4699689,23.8577365],[90.4679803,23.8546045],[90.4661893,23.8504778],[90.4677778,23.8491908],[90.4702456,23.8486609],[90.4732275,23.8471317],[90.4745189,23.8452838],[90.4756093,23.8425882],[90.4767513,23.8406392],[90.4792014,23.8375133],[90.4810295,23.8352448],[90.4837935,23.8335353],[90.4851646,23.8318862],[90.487584,23.8308142],[90.4893813,23.8288584],[90.4900046,23.8261563],[90.4895954,23.8231379],[90.4890296,23.8202458],[90.4838254,23.8184002],[90.4832841,23.8154289],[90.4827305,23.8124963],[90.482057,23.8093473],[90.4859019,23.8063189],[90.485325,23.8005791],[90.4831507,23.7970105],[90.4791509,23.7964659],[90.475447,23.7922492],[90.4724987,23.7907386],[90.4702224,23.7882473],[90.4717991,23.7860262],[90.4737332,23.783463],[90.4739288,23.7831935],[90.4760705,23.7815641],[90.4785095,23.7803948],[90.4808248,23.7789347],[90.4824831,23.7742031],[90.4822141,23.7720884],[90.482004,23.7702924],[90.4826062,23.7670447],[90.4832551,23.7635032],[90.4865231,23.7611665],[90.4890296,23.7600805],[90.4881456,23.756086],[90.4879999,23.754452],[90.4872654,23.7506161],[90.4888507,23.7485087],[90.4923982,23.7475796],[90.4939911,23.7446167],